{
	"partitions" : [
		{
			"name" : "Top",
			"pins" : [
				{
					"name" : "VGA_BLANK",
					"strict" : false
				},
				{
					"name" : "VGA_HS",
					"strict" : false
				},
				{
					"name" : "VGA_VS",
					"strict" : false
				},
				{
					"name" : "VGA_DATA[0]",
					"strict" : false
				},
				{
					"name" : "VGA_DATA[1]",
					"strict" : false
				},
				{
					"name" : "VGA_DATA[2]",
					"strict" : false
				},
				{
					"name" : "VGA_DATA[3]",
					"strict" : false
				},
				{
					"name" : "VGA_DATA[4]",
					"strict" : false
				},
				{
					"name" : "VGA_DATA[5]",
					"strict" : false
				},
				{
					"name" : "VGA_DATA[6]",
					"strict" : false
				},
				{
					"name" : "VGA_DATA[7]",
					"strict" : false
				},
				{
					"name" : "VGA_DATA[8]",
					"strict" : false
				},
				{
					"name" : "VGA_DATA[9]",
					"strict" : false
				},
				{
					"name" : "VGA_DATA[10]",
					"strict" : false
				},
				{
					"name" : "VGA_DATA[11]",
					"strict" : false
				},
				{
					"name" : "VGA_DATA[12]",
					"strict" : false
				},
				{
					"name" : "VGA_DATA[13]",
					"strict" : false
				},
				{
					"name" : "VGA_DATA[14]",
					"strict" : false
				},
				{
					"name" : "VGA_DATA[15]",
					"strict" : false
				},
				{
					"name" : "VGA_DATA[16]",
					"strict" : false
				},
				{
					"name" : "VGA_DATA[17]",
					"strict" : false
				},
				{
					"name" : "VGA_DATA[18]",
					"strict" : false
				},
				{
					"name" : "VGA_DATA[19]",
					"strict" : false
				},
				{
					"name" : "VGA_DATA[20]",
					"strict" : false
				},
				{
					"name" : "VGA_DATA[21]",
					"strict" : false
				},
				{
					"name" : "VGA_DATA[22]",
					"strict" : false
				},
				{
					"name" : "VGA_DATA[23]",
					"strict" : false
				},
				{
					"name" : "clk_50m",
					"strict" : false
				},
				{
					"name" : "rst",
					"strict" : false
				},
				{
					"name" : "tx",
					"strict" : false
				}
			]
		}
	]
}